{
  "mappings": {
    "me/noble/client/mixin/client/MixinGuiScreenNoble": {
      "renderToolTip": "Lnet/minecraft/client/gui/GuiScreen;func_146285_a(Lnet/minecraft/item/ItemStack;II)V",
      "Lnet/minecraft/client/gui/GuiScreen;drawWorldBackground(I)V": "Lnet/minecraft/client/gui/GuiScreen;func_146270_b(I)V"
    },
    "me/noble/client/mixin/client/MixinNetworkManagerNoble": {
      "sendPacket(Lnet/minecraft/network/Packet;)V": "Lnet/minecraft/network/NetworkManager;func_179290_a(Lnet/minecraft/network/Packet;)V",
      "exceptionCaught": "Lnet/minecraft/network/NetworkManager;exceptionCaught(Lio/netty/channel/ChannelHandlerContext;Ljava/lang/Throwable;)V",
      "channelRead0": "Lnet/minecraft/network/NetworkManager;channelRead0(Lio/netty/channel/ChannelHandlerContext;Lnet/minecraft/network/Packet;)V"
    },
    "me/noble/client/mixin/client/MixinGuiPlayerTabOverlayNoble": {
      "renderPlayerlist": "Lnet/minecraft/client/gui/GuiPlayerTabOverlay;func_175249_a(ILnet/minecraft/scoreboard/Scoreboard;Lnet/minecraft/scoreboard/ScoreObjective;)V",
      "getPlayerName": "Lnet/minecraft/client/gui/GuiPlayerTabOverlay;func_175243_a(Lnet/minecraft/client/network/NetworkPlayerInfo;)Ljava/lang/String;"
    },
    "me/noble/client/mixin/client/MixinRenderLivingNoble": {
      "doRender": "Lnet/minecraft/client/renderer/entity/RenderLiving;func_76986_a(Lnet/minecraft/entity/EntityLiving;DDDFF)V"
    },
    "me/noble/client/mixin/client/MixinEntityRendererNoble": {
      "hurtCameraEffect": "Lnet/minecraft/client/renderer/EntityRenderer;func_78482_e(F)V",
      "updateLightmap": "Lnet/minecraft/client/renderer/EntityRenderer;func_78472_g(F)V",
      "setupFog": "Lnet/minecraft/client/renderer/EntityRenderer;func_78468_a(IF)V",
      "Lnet/minecraft/client/renderer/ActiveRenderInfo;getBlockStateAtEntityViewpoint(Lnet/minecraft/world/World;Lnet/minecraft/entity/Entity;F)Lnet/minecraft/block/state/IBlockState;": "Lnet/minecraft/client/renderer/ActiveRenderInfo;func_186703_a(Lnet/minecraft/world/World;Lnet/minecraft/entity/Entity;F)Lnet/minecraft/block/state/IBlockState;",
      "Lnet/minecraft/client/multiplayer/WorldClient;getEntitiesInAABBexcluding(Lnet/minecraft/entity/Entity;Lnet/minecraft/util/math/AxisAlignedBB;Lcom/google/common/base/Predicate;)Ljava/util/List;": "Lnet/minecraft/client/multiplayer/WorldClient;func_175674_a(Lnet/minecraft/entity/Entity;Lnet/minecraft/util/math/AxisAlignedBB;Lcom/google/common/base/Predicate;)Ljava/util/List;",
      "Lnet/minecraft/client/multiplayer/WorldClient;rayTraceBlocks(Lnet/minecraft/util/math/Vec3d;Lnet/minecraft/util/math/Vec3d;)Lnet/minecraft/util/math/RayTraceResult;": "Lnet/minecraft/client/multiplayer/WorldClient;func_72933_a(Lnet/minecraft/util/math/Vec3d;Lnet/minecraft/util/math/Vec3d;)Lnet/minecraft/util/math/RayTraceResult;",
      "Lnet/minecraft/client/entity/EntityPlayerSP;isPotionActive(Lnet/minecraft/potion/Potion;)Z": "Lnet/minecraft/client/entity/EntityPlayerSP;func_70644_a(Lnet/minecraft/potion/Potion;)Z",
      "orientCamera": "Lnet/minecraft/client/renderer/EntityRenderer;func_78467_g(F)V",
      "Lnet/minecraft/client/renderer/EntityRenderer;getNightVisionBrightness(Lnet/minecraft/entity/EntityLivingBase;F)F": "Lnet/minecraft/client/renderer/EntityRenderer;func_180438_a(Lnet/minecraft/entity/EntityLivingBase;F)F",
      "getMouseOver": "Lnet/minecraft/client/renderer/EntityRenderer;func_78473_a(F)V"
    },
    "me/noble/client/mixin/client/MixinNetHandlerPlayClientNoble": {
      "handleChunkData": "Lnet/minecraft/client/network/NetHandlerPlayClient;func_147263_a(Lnet/minecraft/network/play/server/SPacketChunkData;)V",
      "Lnet/minecraft/world/chunk/Chunk;read(Lnet/minecraft/network/PacketBuffer;IZ)V": "Lnet/minecraft/world/chunk/Chunk;func_186033_a(Lnet/minecraft/network/PacketBuffer;IZ)V"
    },
    "me/noble/client/mixin/client/MixinBlockSoulSandNoble": {
      "onEntityCollision": "Lnet/minecraft/block/BlockSoulSand;func_180634_a(Lnet/minecraft/world/World;Lnet/minecraft/util/math/BlockPos;Lnet/minecraft/block/state/IBlockState;Lnet/minecraft/entity/Entity;)V"
    },
    "me/noble/client/mixin/client/MixinC00HandshakeNoble": {
      "writePacketData": "Lnet/minecraft/network/handshake/client/C00Handshake;func_148840_b(Lnet/minecraft/network/PacketBuffer;)V"
    },
    "me/noble/client/mixin/client/MixinGuiNewChatNoble": {
      "drawChat": "Lnet/minecraft/client/gui/GuiNewChat;func_146230_a(I)V",
      "Lnet/minecraft/client/gui/GuiNewChat;drawRect(IIIII)V": "Lnet/minecraft/client/gui/GuiNewChat;func_73734_a(IIIII)V",
      "Lnet/minecraft/client/gui/FontRenderer;drawStringWithShadow(Ljava/lang/String;FFI)I": "Lnet/minecraft/client/gui/FontRenderer;func_175063_a(Ljava/lang/String;FFI)I"
    },
    "me/noble/client/mixin/client/MixinRenderGlobalNoble": {
      "renderBlockLayer(Lnet/minecraft/util/BlockRenderLayer;)V": "Lnet/minecraft/client/renderer/RenderGlobal;func_174982_a(Lnet/minecraft/util/BlockRenderLayer;)V"
    },
    "me/noble/client/mixin/client/MixinEntityPigNoble": {
      "canBeSteered": "Lnet/minecraft/entity/passive/EntityPig;func_82171_bF()Z"
    },
    "me/noble/client/mixin/client/MixinLayerArmorBaseNoble": {
      "renderArmorLayer": "Lnet/minecraft/client/renderer/entity/layers/LayerArmorBase;func_188361_a(Lnet/minecraft/entity/EntityLivingBase;FFFFFFFLnet/minecraft/inventory/EntityEquipmentSlot;)V"
    },
    "me/noble/client/mixin/client/MixinEntityLlamaNoble": {
      "canBeSteered": "Lnet/minecraft/entity/passive/EntityLlama;func_82171_bF()Z"
    },
    "me/noble/client/mixin/client/MixinBlockLiquidNoble": {
      "modifyAcceleration": "Lnet/minecraft/block/BlockLiquid;func_176197_a(Lnet/minecraft/world/World;Lnet/minecraft/util/math/BlockPos;Lnet/minecraft/entity/Entity;Lnet/minecraft/util/math/Vec3d;)Lnet/minecraft/util/math/Vec3d;"
    },
    "me/noble/client/mixin/client/MixinRenderPlayerNoble": {
      "renderEntityName": "Lnet/minecraft/client/renderer/entity/RenderPlayer;func_188296_a(Lnet/minecraft/client/entity/AbstractClientPlayer;DDDLjava/lang/String;D)V"
    },
    "me/noble/client/mixin/client/MixinEntityNoble": {
      "move": "Lnet/minecraft/entity/Entity;func_70091_d(Lnet/minecraft/entity/MoverType;DDD)V",
      "applyEntityCollision": "Lnet/minecraft/entity/Entity;func_70108_f(Lnet/minecraft/entity/Entity;)V",
      "Lnet/minecraft/entity/Entity;addVelocity(DDD)V": "Lnet/minecraft/entity/Entity;func_70024_g(DDD)V",
      "Lnet/minecraft/entity/Entity;isSneaking()Z": "Lnet/minecraft/entity/Entity;func_70093_af()Z"
    },
    "me/noble/client/mixin/client/MixinStateImplementationNoble": {
      "addCollisionBoxToList": "Lnet/minecraft/block/state/BlockStateContainer$StateImplementation;func_185908_a(Lnet/minecraft/world/World;Lnet/minecraft/util/math/BlockPos;Lnet/minecraft/util/math/AxisAlignedBB;Ljava/util/List;Lnet/minecraft/entity/Entity;Z)V",
      "Lnet/minecraft/block/Block;addCollisionBoxToList(Lnet/minecraft/block/state/IBlockState;Lnet/minecraft/world/World;Lnet/minecraft/util/math/BlockPos;Lnet/minecraft/util/math/AxisAlignedBB;Ljava/util/List;Lnet/minecraft/entity/Entity;Z)V": "Lnet/minecraft/block/Block;func_185477_a(Lnet/minecraft/block/state/IBlockState;Lnet/minecraft/world/World;Lnet/minecraft/util/math/BlockPos;Lnet/minecraft/util/math/AxisAlignedBB;Ljava/util/List;Lnet/minecraft/entity/Entity;Z)V"
    },
    "me/noble/client/mixin/client/MixinPlayerControllerMPNoble": {
      "onPlayerDamageBlock": "Lnet/minecraft/client/multiplayer/PlayerControllerMP;func_180512_c(Lnet/minecraft/util/math/BlockPos;Lnet/minecraft/util/EnumFacing;)Z",
      "Lnet/minecraft/block/state/IBlockState;getPlayerRelativeBlockHardness(Lnet/minecraft/entity/player/EntityPlayer;Lnet/minecraft/world/World;Lnet/minecraft/util/math/BlockPos;)F": "Lnet/minecraft/block/state/IBlockState;func_185903_a(Lnet/minecraft/entity/player/EntityPlayer;Lnet/minecraft/world/World;Lnet/minecraft/util/math/BlockPos;)F",
      "attackEntity": "Lnet/minecraft/client/multiplayer/PlayerControllerMP;func_78764_a(Lnet/minecraft/entity/player/EntityPlayer;Lnet/minecraft/entity/Entity;)V"
    },
    "me/noble/client/mixin/client/MixinModelBoatNoble": {
      "render": "Lnet/minecraft/client/model/ModelBoat;func_78088_a(Lnet/minecraft/entity/Entity;FFFFFF)V"
    },
    "me/noble/client/mixin/client/MixinEntityPlayerSPNoble": {
      "move": "Lnet/minecraft/client/entity/EntityPlayerSP;func_70091_d(Lnet/minecraft/entity/MoverType;DDD)V",
      "onLivingUpdate": "Lnet/minecraft/client/entity/EntityPlayerSP;func_70636_d()V",
      "Lnet/minecraft/client/entity/EntityPlayerSP;closeScreen()V": "Lnet/minecraft/client/entity/EntityPlayerSP;func_71053_j()V",
      "Lnet/minecraft/client/Minecraft;displayGuiScreen(Lnet/minecraft/client/gui/GuiScreen;)V": "Lnet/minecraft/client/Minecraft;func_147108_a(Lnet/minecraft/client/gui/GuiScreen;)V"
    },
    "me/noble/client/mixin/client/MixinGuiChatNoble": {
      "Lnet/minecraft/client/gui/GuiChat;keyTyped(CI)V": "Lnet/minecraft/client/gui/GuiChat;func_73869_a(CI)V"
    },
    "me/noble/client/mixin/client/MixinChunkCacheNoble": {
      "getBlockState": "Lnet/minecraft/world/ChunkCache;func_180495_p(Lnet/minecraft/util/math/BlockPos;)Lnet/minecraft/block/state/IBlockState;"
    },
    "me/noble/client/mixin/client/MixinMinecraftNoble": {
      "Lnet/minecraft/client/Minecraft;displayCrashReport(Lnet/minecraft/crash/CrashReport;)V": "Lnet/minecraft/client/Minecraft;func_71377_b(Lnet/minecraft/crash/CrashReport;)V",
      "run": "Lnet/minecraft/client/Minecraft;func_99999_d()V",
      "shutdown": "Lnet/minecraft/client/Minecraft;func_71400_g()V",
      "displayGuiScreen": "Lnet/minecraft/client/Minecraft;func_147108_a(Lnet/minecraft/client/gui/GuiScreen;)V"
    }
  },
  "data": {
    "notch": {
      "me/noble/client/mixin/client/MixinGuiScreenNoble": {
        "renderToolTip": "Lblk;a(Laip;II)V",
        "Lnet/minecraft/client/gui/GuiScreen;drawWorldBackground(I)V": "Lblk;d_(I)V"
      },
      "me/noble/client/mixin/client/MixinNetworkManagerNoble": {
        "sendPacket(Lnet/minecraft/network/Packet;)V": "Lgw;a(Lht;)V",
        "exceptionCaught": "Lgw;exceptionCaught(Lio/netty/channel/ChannelHandlerContext;Ljava/lang/Throwable;)V",
        "channelRead0": "Lgw;a(Lio/netty/channel/ChannelHandlerContext;Lht;)V"
      },
      "me/noble/client/mixin/client/MixinGuiPlayerTabOverlayNoble": {
        "renderPlayerlist": "Lbjq;a(ILbhk;Lbhg;)V",
        "getPlayerName": "Lbjq;a(Lbsc;)Ljava/lang/String;"
      },
      "me/noble/client/mixin/client/MixinRenderLivingNoble": {
        "doRender": "Lcaf;a(Lvq;DDDFF)V"
      },
      "me/noble/client/mixin/client/MixinEntityRendererNoble": {
        "hurtCameraEffect": "Lbuq;d(F)V",
        "updateLightmap": "Lbuq;g(F)V",
        "setupFog": "Lbuq;a(IF)V",
        "Lnet/minecraft/client/renderer/ActiveRenderInfo;getBlockStateAtEntityViewpoint(Lnet/minecraft/world/World;Lnet/minecraft/entity/Entity;F)Lnet/minecraft/block/state/IBlockState;": "Lbhv;a(Lamu;Lvg;F)Lawt;",
        "Lnet/minecraft/client/multiplayer/WorldClient;getEntitiesInAABBexcluding(Lnet/minecraft/entity/Entity;Lnet/minecraft/util/math/AxisAlignedBB;Lcom/google/common/base/Predicate;)Ljava/util/List;": "Lbsb;a(Lvg;Lbhb;Lcom/google/common/base/Predicate;)Ljava/util/List;",
        "Lnet/minecraft/client/multiplayer/WorldClient;rayTraceBlocks(Lnet/minecraft/util/math/Vec3d;Lnet/minecraft/util/math/Vec3d;)Lnet/minecraft/util/math/RayTraceResult;": "Lbsb;a(Lbhe;Lbhe;)Lbhc;",
        "Lnet/minecraft/client/entity/EntityPlayerSP;isPotionActive(Lnet/minecraft/potion/Potion;)Z": "Lbud;a(Luz;)Z",
        "orientCamera": "Lbuq;f(F)V",
        "Lnet/minecraft/client/renderer/EntityRenderer;getNightVisionBrightness(Lnet/minecraft/entity/EntityLivingBase;F)F": "Lbuq;a(Lvp;F)F",
        "getMouseOver": "Lbuq;a(F)V"
      },
      "me/noble/client/mixin/client/MixinNetHandlerPlayClientNoble": {
        "handleChunkData": "Lbrz;a(Lje;)V",
        "Lnet/minecraft/world/chunk/Chunk;read(Lnet/minecraft/network/PacketBuffer;IZ)V": "Laxw;a(Lgy;IZ)V"
      },
      "me/noble/client/mixin/client/MixinBlockSoulSandNoble": {
        "onEntityCollision": "Latx;a(Lamu;Let;Lawt;Lvg;)V"
      },
      "me/noble/client/mixin/client/MixinC00HandshakeNoble": {
        "writePacketData": "Lmd;b(Lgy;)V"
      },
      "me/noble/client/mixin/client/MixinGuiNewChatNoble": {
        "drawChat": "Lbjb;a(I)V",
        "Lnet/minecraft/client/gui/GuiNewChat;drawRect(IIIII)V": "Lbjb;a(IIIII)V",
        "Lnet/minecraft/client/gui/FontRenderer;drawStringWithShadow(Ljava/lang/String;FFI)I": "Lbip;a(Ljava/lang/String;FFI)I"
      },
      "me/noble/client/mixin/client/MixinRenderGlobalNoble": {
        "renderBlockLayer(Lnet/minecraft/util/BlockRenderLayer;)V": "Lbuy;a(Lamm;)V"
      },
      "me/noble/client/mixin/client/MixinEntityPigNoble": {
        "canBeSteered": "Laad;cV()Z"
      },
      "me/noble/client/mixin/client/MixinLayerArmorBaseNoble": {
        "renderArmorLayer": "Lcbp;a(Lvp;FFFFFFFLvl;)V"
      },
      "me/noble/client/mixin/client/MixinEntityLlamaNoble": {
        "canBeSteered": "Laas;cV()Z"
      },
      "me/noble/client/mixin/client/MixinBlockLiquidNoble": {
        "modifyAcceleration": "Laru;a(Lamu;Let;Lvg;Lbhe;)Lbhe;"
      },
      "me/noble/client/mixin/client/MixinRenderPlayerNoble": {
        "renderEntityName": "Lcct;a(Lbua;DDDLjava/lang/String;D)V"
      },
      "me/noble/client/mixin/client/MixinEntityNoble": {
        "move": "Lvg;a(Lvv;DDD)V",
        "applyEntityCollision": "Lvg;i(Lvg;)V",
        "Lnet/minecraft/entity/Entity;addVelocity(DDD)V": "Lvg;f(DDD)V",
        "Lnet/minecraft/entity/Entity;isSneaking()Z": "Lvg;aU()Z"
      },
      "me/noble/client/mixin/client/MixinStateImplementationNoble": {
        "addCollisionBoxToList": "Lawu$a;a(Lamu;Let;Lbhb;Ljava/util/List;Lvg;Z)V",
        "Lnet/minecraft/block/Block;addCollisionBoxToList(Lnet/minecraft/block/state/IBlockState;Lnet/minecraft/world/World;Lnet/minecraft/util/math/BlockPos;Lnet/minecraft/util/math/AxisAlignedBB;Ljava/util/List;Lnet/minecraft/entity/Entity;Z)V": "Laow;a(Lawt;Lamu;Let;Lbhb;Ljava/util/List;Lvg;Z)V"
      },
      "me/noble/client/mixin/client/MixinPlayerControllerMPNoble": {
        "onPlayerDamageBlock": "Lbsa;b(Let;Lfa;)Z",
        "Lnet/minecraft/block/state/IBlockState;getPlayerRelativeBlockHardness(Lnet/minecraft/entity/player/EntityPlayer;Lnet/minecraft/world/World;Lnet/minecraft/util/math/BlockPos;)F": "Lawt;a(Laed;Lamu;Let;)F",
        "attackEntity": "Lbsa;a(Laed;Lvg;)V"
      },
      "me/noble/client/mixin/client/MixinModelBoatNoble": {
        "render": "Lbpj;a(Lvg;FFFFFF)V"
      },
      "me/noble/client/mixin/client/MixinEntityPlayerSPNoble": {
        "move": "Lbud;a(Lvv;DDD)V",
        "onLivingUpdate": "Lbud;n()V",
        "Lnet/minecraft/client/entity/EntityPlayerSP;closeScreen()V": "Lbud;p()V",
        "Lnet/minecraft/client/Minecraft;displayGuiScreen(Lnet/minecraft/client/gui/GuiScreen;)V": "Lbib;a(Lblk;)V"
      },
      "me/noble/client/mixin/client/MixinGuiChatNoble": {
        "Lnet/minecraft/client/gui/GuiChat;keyTyped(CI)V": "Lbkn;a(CI)V"
      },
      "me/noble/client/mixin/client/MixinChunkCacheNoble": {
        "getBlockState": "Land;o(Let;)Lawt;"
      },
      "me/noble/client/mixin/client/MixinMinecraftNoble": {
        "Lnet/minecraft/client/Minecraft;displayCrashReport(Lnet/minecraft/crash/CrashReport;)V": "Lbib;c(Lb;)V",
        "run": "Lbib;a()V",
        "shutdown": "Lbib;n()V",
        "displayGuiScreen": "Lbib;a(Lblk;)V"
      }
    },
    "searge": {
      "me/noble/client/mixin/client/MixinGuiScreenNoble": {
        "renderToolTip": "Lnet/minecraft/client/gui/GuiScreen;func_146285_a(Lnet/minecraft/item/ItemStack;II)V",
        "Lnet/minecraft/client/gui/GuiScreen;drawWorldBackground(I)V": "Lnet/minecraft/client/gui/GuiScreen;func_146270_b(I)V"
      },
      "me/noble/client/mixin/client/MixinNetworkManagerNoble": {
        "sendPacket(Lnet/minecraft/network/Packet;)V": "Lnet/minecraft/network/NetworkManager;func_179290_a(Lnet/minecraft/network/Packet;)V",
        "exceptionCaught": "Lnet/minecraft/network/NetworkManager;exceptionCaught(Lio/netty/channel/ChannelHandlerContext;Ljava/lang/Throwable;)V",
        "channelRead0": "Lnet/minecraft/network/NetworkManager;channelRead0(Lio/netty/channel/ChannelHandlerContext;Lnet/minecraft/network/Packet;)V"
      },
      "me/noble/client/mixin/client/MixinGuiPlayerTabOverlayNoble": {
        "renderPlayerlist": "Lnet/minecraft/client/gui/GuiPlayerTabOverlay;func_175249_a(ILnet/minecraft/scoreboard/Scoreboard;Lnet/minecraft/scoreboard/ScoreObjective;)V",
        "getPlayerName": "Lnet/minecraft/client/gui/GuiPlayerTabOverlay;func_175243_a(Lnet/minecraft/client/network/NetworkPlayerInfo;)Ljava/lang/String;"
      },
      "me/noble/client/mixin/client/MixinRenderLivingNoble": {
        "doRender": "Lnet/minecraft/client/renderer/entity/RenderLiving;func_76986_a(Lnet/minecraft/entity/EntityLiving;DDDFF)V"
      },
      "me/noble/client/mixin/client/MixinEntityRendererNoble": {
        "hurtCameraEffect": "Lnet/minecraft/client/renderer/EntityRenderer;func_78482_e(F)V",
        "updateLightmap": "Lnet/minecraft/client/renderer/EntityRenderer;func_78472_g(F)V",
        "setupFog": "Lnet/minecraft/client/renderer/EntityRenderer;func_78468_a(IF)V",
        "Lnet/minecraft/client/renderer/ActiveRenderInfo;getBlockStateAtEntityViewpoint(Lnet/minecraft/world/World;Lnet/minecraft/entity/Entity;F)Lnet/minecraft/block/state/IBlockState;": "Lnet/minecraft/client/renderer/ActiveRenderInfo;func_186703_a(Lnet/minecraft/world/World;Lnet/minecraft/entity/Entity;F)Lnet/minecraft/block/state/IBlockState;",
        "Lnet/minecraft/client/multiplayer/WorldClient;getEntitiesInAABBexcluding(Lnet/minecraft/entity/Entity;Lnet/minecraft/util/math/AxisAlignedBB;Lcom/google/common/base/Predicate;)Ljava/util/List;": "Lnet/minecraft/client/multiplayer/WorldClient;func_175674_a(Lnet/minecraft/entity/Entity;Lnet/minecraft/util/math/AxisAlignedBB;Lcom/google/common/base/Predicate;)Ljava/util/List;",
        "Lnet/minecraft/client/multiplayer/WorldClient;rayTraceBlocks(Lnet/minecraft/util/math/Vec3d;Lnet/minecraft/util/math/Vec3d;)Lnet/minecraft/util/math/RayTraceResult;": "Lnet/minecraft/client/multiplayer/WorldClient;func_72933_a(Lnet/minecraft/util/math/Vec3d;Lnet/minecraft/util/math/Vec3d;)Lnet/minecraft/util/math/RayTraceResult;",
        "Lnet/minecraft/client/entity/EntityPlayerSP;isPotionActive(Lnet/minecraft/potion/Potion;)Z": "Lnet/minecraft/client/entity/EntityPlayerSP;func_70644_a(Lnet/minecraft/potion/Potion;)Z",
        "orientCamera": "Lnet/minecraft/client/renderer/EntityRenderer;func_78467_g(F)V",
        "Lnet/minecraft/client/renderer/EntityRenderer;getNightVisionBrightness(Lnet/minecraft/entity/EntityLivingBase;F)F": "Lnet/minecraft/client/renderer/EntityRenderer;func_180438_a(Lnet/minecraft/entity/EntityLivingBase;F)F",
        "getMouseOver": "Lnet/minecraft/client/renderer/EntityRenderer;func_78473_a(F)V"
      },
      "me/noble/client/mixin/client/MixinNetHandlerPlayClientNoble": {
        "handleChunkData": "Lnet/minecraft/client/network/NetHandlerPlayClient;func_147263_a(Lnet/minecraft/network/play/server/SPacketChunkData;)V",
        "Lnet/minecraft/world/chunk/Chunk;read(Lnet/minecraft/network/PacketBuffer;IZ)V": "Lnet/minecraft/world/chunk/Chunk;func_186033_a(Lnet/minecraft/network/PacketBuffer;IZ)V"
      },
      "me/noble/client/mixin/client/MixinBlockSoulSandNoble": {
        "onEntityCollision": "Lnet/minecraft/block/BlockSoulSand;func_180634_a(Lnet/minecraft/world/World;Lnet/minecraft/util/math/BlockPos;Lnet/minecraft/block/state/IBlockState;Lnet/minecraft/entity/Entity;)V"
      },
      "me/noble/client/mixin/client/MixinC00HandshakeNoble": {
        "writePacketData": "Lnet/minecraft/network/handshake/client/C00Handshake;func_148840_b(Lnet/minecraft/network/PacketBuffer;)V"
      },
      "me/noble/client/mixin/client/MixinGuiNewChatNoble": {
        "drawChat": "Lnet/minecraft/client/gui/GuiNewChat;func_146230_a(I)V",
        "Lnet/minecraft/client/gui/GuiNewChat;drawRect(IIIII)V": "Lnet/minecraft/client/gui/GuiNewChat;func_73734_a(IIIII)V",
        "Lnet/minecraft/client/gui/FontRenderer;drawStringWithShadow(Ljava/lang/String;FFI)I": "Lnet/minecraft/client/gui/FontRenderer;func_175063_a(Ljava/lang/String;FFI)I"
      },
      "me/noble/client/mixin/client/MixinRenderGlobalNoble": {
        "renderBlockLayer(Lnet/minecraft/util/BlockRenderLayer;)V": "Lnet/minecraft/client/renderer/RenderGlobal;func_174982_a(Lnet/minecraft/util/BlockRenderLayer;)V"
      },
      "me/noble/client/mixin/client/MixinEntityPigNoble": {
        "canBeSteered": "Lnet/minecraft/entity/passive/EntityPig;func_82171_bF()Z"
      },
      "me/noble/client/mixin/client/MixinLayerArmorBaseNoble": {
        "renderArmorLayer": "Lnet/minecraft/client/renderer/entity/layers/LayerArmorBase;func_188361_a(Lnet/minecraft/entity/EntityLivingBase;FFFFFFFLnet/minecraft/inventory/EntityEquipmentSlot;)V"
      },
      "me/noble/client/mixin/client/MixinEntityLlamaNoble": {
        "canBeSteered": "Lnet/minecraft/entity/passive/EntityLlama;func_82171_bF()Z"
      },
      "me/noble/client/mixin/client/MixinBlockLiquidNoble": {
        "modifyAcceleration": "Lnet/minecraft/block/BlockLiquid;func_176197_a(Lnet/minecraft/world/World;Lnet/minecraft/util/math/BlockPos;Lnet/minecraft/entity/Entity;Lnet/minecraft/util/math/Vec3d;)Lnet/minecraft/util/math/Vec3d;"
      },
      "me/noble/client/mixin/client/MixinRenderPlayerNoble": {
        "renderEntityName": "Lnet/minecraft/client/renderer/entity/RenderPlayer;func_188296_a(Lnet/minecraft/client/entity/AbstractClientPlayer;DDDLjava/lang/String;D)V"
      },
      "me/noble/client/mixin/client/MixinEntityNoble": {
        "move": "Lnet/minecraft/entity/Entity;func_70091_d(Lnet/minecraft/entity/MoverType;DDD)V",
        "applyEntityCollision": "Lnet/minecraft/entity/Entity;func_70108_f(Lnet/minecraft/entity/Entity;)V",
        "Lnet/minecraft/entity/Entity;addVelocity(DDD)V": "Lnet/minecraft/entity/Entity;func_70024_g(DDD)V",
        "Lnet/minecraft/entity/Entity;isSneaking()Z": "Lnet/minecraft/entity/Entity;func_70093_af()Z"
      },
      "me/noble/client/mixin/client/MixinStateImplementationNoble": {
        "addCollisionBoxToList": "Lnet/minecraft/block/state/BlockStateContainer$StateImplementation;func_185908_a(Lnet/minecraft/world/World;Lnet/minecraft/util/math/BlockPos;Lnet/minecraft/util/math/AxisAlignedBB;Ljava/util/List;Lnet/minecraft/entity/Entity;Z)V",
        "Lnet/minecraft/block/Block;addCollisionBoxToList(Lnet/minecraft/block/state/IBlockState;Lnet/minecraft/world/World;Lnet/minecraft/util/math/BlockPos;Lnet/minecraft/util/math/AxisAlignedBB;Ljava/util/List;Lnet/minecraft/entity/Entity;Z)V": "Lnet/minecraft/block/Block;func_185477_a(Lnet/minecraft/block/state/IBlockState;Lnet/minecraft/world/World;Lnet/minecraft/util/math/BlockPos;Lnet/minecraft/util/math/AxisAlignedBB;Ljava/util/List;Lnet/minecraft/entity/Entity;Z)V"
      },
      "me/noble/client/mixin/client/MixinPlayerControllerMPNoble": {
        "onPlayerDamageBlock": "Lnet/minecraft/client/multiplayer/PlayerControllerMP;func_180512_c(Lnet/minecraft/util/math/BlockPos;Lnet/minecraft/util/EnumFacing;)Z",
        "Lnet/minecraft/block/state/IBlockState;getPlayerRelativeBlockHardness(Lnet/minecraft/entity/player/EntityPlayer;Lnet/minecraft/world/World;Lnet/minecraft/util/math/BlockPos;)F": "Lnet/minecraft/block/state/IBlockState;func_185903_a(Lnet/minecraft/entity/player/EntityPlayer;Lnet/minecraft/world/World;Lnet/minecraft/util/math/BlockPos;)F",
        "attackEntity": "Lnet/minecraft/client/multiplayer/PlayerControllerMP;func_78764_a(Lnet/minecraft/entity/player/EntityPlayer;Lnet/minecraft/entity/Entity;)V"
      },
      "me/noble/client/mixin/client/MixinModelBoatNoble": {
        "render": "Lnet/minecraft/client/model/ModelBoat;func_78088_a(Lnet/minecraft/entity/Entity;FFFFFF)V"
      },
      "me/noble/client/mixin/client/MixinEntityPlayerSPNoble": {
        "move": "Lnet/minecraft/client/entity/EntityPlayerSP;func_70091_d(Lnet/minecraft/entity/MoverType;DDD)V",
        "onLivingUpdate": "Lnet/minecraft/client/entity/EntityPlayerSP;func_70636_d()V",
        "Lnet/minecraft/client/entity/EntityPlayerSP;closeScreen()V": "Lnet/minecraft/client/entity/EntityPlayerSP;func_71053_j()V",
        "Lnet/minecraft/client/Minecraft;displayGuiScreen(Lnet/minecraft/client/gui/GuiScreen;)V": "Lnet/minecraft/client/Minecraft;func_147108_a(Lnet/minecraft/client/gui/GuiScreen;)V"
      },
      "me/noble/client/mixin/client/MixinGuiChatNoble": {
        "Lnet/minecraft/client/gui/GuiChat;keyTyped(CI)V": "Lnet/minecraft/client/gui/GuiChat;func_73869_a(CI)V"
      },
      "me/noble/client/mixin/client/MixinChunkCacheNoble": {
        "getBlockState": "Lnet/minecraft/world/ChunkCache;func_180495_p(Lnet/minecraft/util/math/BlockPos;)Lnet/minecraft/block/state/IBlockState;"
      },
      "me/noble/client/mixin/client/MixinMinecraftNoble": {
        "Lnet/minecraft/client/Minecraft;displayCrashReport(Lnet/minecraft/crash/CrashReport;)V": "Lnet/minecraft/client/Minecraft;func_71377_b(Lnet/minecraft/crash/CrashReport;)V",
        "run": "Lnet/minecraft/client/Minecraft;func_99999_d()V",
        "shutdown": "Lnet/minecraft/client/Minecraft;func_71400_g()V",
        "displayGuiScreen": "Lnet/minecraft/client/Minecraft;func_147108_a(Lnet/minecraft/client/gui/GuiScreen;)V"
      }
    }
  }
}