{
  "required": true,
  "compatibilityLevel": "JAVA_8",
  "package": "me.noble.client.mixin.client",
  "refmap": "mixins.noble.refmap.json",
  "client": [
    "MixinAbstractClientPlayerNoble",
    "MixinBlockLiquidNoble",
    "MixinBlockSoulSandNoble",
    "MixinC00HandshakeNoble",
    "MixinChunkCacheNoble",
    "MixinEntityNoble",
    "MixinEntityLlamaNoble",
    "MixinEntityPigNoble",
    "MixinEntityPlayerSPNoble",
    "MixinEntityRendererNoble",
    "MixinGuiChatNoble",
    "MixinGuiNewChatNoble",
    "MixinGuiPlayerTabOverlayNoble",
    "MixinGuiScreenNoble",
    "MixinLayerArmorBaseNoble",
    "MixinMinecraftNoble",
    "MixinModelBoatNoble",
    "MixinNetHandlerPlayClientNoble",
    "MixinNetworkManagerNoble",
    "MixinPlayerControllerMPNoble",
    "MixinRenderLivingNoble",
    "MixinRenderPlayerNoble",
    "MixinStateImplementationNoble"
  ]
}
